{
  "questions" : {
    "Atrybut świętego Mikołaja?" : [ null, {
      "ans" : "Worek",
      "lp" : 1,
      "points" : 35
    }, {
      "ans" : "Czapka",
      "lp" : 2,
      "points" : 23
    }, {
      "ans" : "Broda",
      "lp" : 3,
      "points" : 20
    }, {
      "ans" : "Dzwonek",
      "lp" : 4,
      "points" : 8
    }, {
      "ans" : "Renifery",
      "lp" : 5,
      "points" : 7
    } ],
    "Co jest slodkie, a przy tym zdrowe?" : [ null, {
      "ans" : "Miod",
      "lp" : 1,
      "points" : 51
    }, {
      "ans" : "Owoce",
      "lp" : 2,
      "points" : 19
    }, {
      "ans" : "Bakalie",
      "lp" : 3,
      "points" : 19
    }, {
      "ans" : "Syrop",
      "lp" : 4,
      "points" : 11
    }, {
      "ans" : "Pocalunek",
      "lp" : 5,
      "points" : 9
    } ],
    "Co można mieć do drugiej osoby?" : [ null, {
      "ans" : "Sprawe",
      "lp" : 1,
      "points" : 24
    }, {
      "ans" : "Prosbe",
      "lp" : 2,
      "points" : 22
    }, {
      "ans" : "Pretensje",
      "lp" : 3,
      "points" : 19
    }, {
      "ans" : "Zal",
      "lp" : 4,
      "points" : 15
    }, {
      "ans" : "Zaufanie",
      "lp" : 5,
      "points" : 7
    }, {
      "ans" : "Slabosc",
      "lp" : 6,
      "points" : 6
    } ],
    "Co ryczy na pastwisku?" : [ null, {
      "ans" : "Krowa",
      "lp" : 1,
      "points" : 55
    }, {
      "ans" : "Owca",
      "lp" : 2,
      "points" : 23
    }, {
      "ans" : "Kon",
      "lp" : 3,
      "points" : 10
    }, {
      "ans" : "Rolnik",
      "lp" : 4,
      "points" : 1
    } ],
    "Co w gospodarstwie domowym zużywa się najszybciej?" : [ null, {
      "ans" : "Jedzenie",
      "lp" : 1,
      "points" : 26
    }, {
      "ans" : "Proszek do prania",
      "lp" : 2,
      "points" : 21
    }, {
      "ans" : "Papier toaletowy",
      "lp" : 3,
      "points" : 18
    }, {
      "ans" : "Mydlo",
      "lp" : 4,
      "points" : 16
    }, {
      "ans" : "Pasta do zebow",
      "lp" : 5,
      "points" : 10
    }, {
      "ans" : "Plyn do zmywania",
      "lp" : 6,
      "points" : 6
    } ],
    "Co wysysa krew?" : [ null, {
      "ans" : "Pijawka",
      "lp" : 1,
      "points" : 44
    }, {
      "ans" : "Komar",
      "lp" : 2,
      "points" : 35
    }, {
      "ans" : "Wampir",
      "lp" : 3,
      "points" : 16
    }, {
      "ans" : "Strzykawka",
      "lp" : 4,
      "points" : 8
    } ],
    "Co zabieramy ze sobą na piknik?" : [ null, {
      "ans" : "Koc",
      "lp" : 1,
      "points" : 28
    }, {
      "ans" : "Jedzenie",
      "lp" : 2,
      "points" : 24
    }, {
      "ans" : "Napoje",
      "lp" : 3,
      "points" : 19
    }, {
      "ans" : "Naczynia",
      "lp" : 4,
      "points" : 10
    }, {
      "ans" : "Grill",
      "lp" : 5,
      "points" : 8
    }, {
      "ans" : "Gry",
      "lp" : 6,
      "points" : 7
    } ],
    "Co zawiera nota biograficzna w encyklopedii?" : [ null, {
      "ans" : "Data urodzin",
      "lp" : 1,
      "points" : 30
    }, {
      "ans" : "Dziela",
      "lp" : 2,
      "points" : 21
    }, {
      "ans" : "Imie i nazwisko",
      "lp" : 3,
      "points" : 18
    }, {
      "ans" : "Miejsce urodzenia",
      "lp" : 4,
      "points" : 11
    }, {
      "ans" : "Data smierci",
      "lp" : 5,
      "points" : 9
    }, {
      "ans" : "Fakty z zycia",
      "lp" : 6,
      "points" : 6
    } ],
    "Czego zazwyczaj nie reklamuje sie w telewizji i radiu?" : [ null, {
      "ans" : "Chleba",
      "lp" : 1,
      "points" : 28
    }, {
      "ans" : "Papierosow",
      "lp" : 2,
      "points" : 17
    }, {
      "ans" : "Cukru",
      "lp" : 3,
      "points" : 16
    }, {
      "ans" : "Maki",
      "lp" : 4,
      "points" : 12
    }, {
      "ans" : "Warzyw",
      "lp" : 5,
      "points" : 9
    }, {
      "ans" : "Alkoholu",
      "lp" : 6,
      "points" : 8
    } ],
    "Film który zaczyna się od słowa 'Dzień'?" : [ null, {
      "ans" : "Dzien Swira",
      "lp" : 1,
      "points" : 28
    }, {
      "ans" : "Dzien niepodleglosci",
      "lp" : 2,
      "points" : 21
    }, {
      "ans" : "Dzien Swistaka",
      "lp" : 3,
      "points" : 18
    }, {
      "ans" : "Dzien Szakala",
      "lp" : 4,
      "points" : 10
    }, {
      "ans" : "Dzien Ojca",
      "lp" : 5,
      "points" : 8
    }, {
      "ans" : "Dzien Proby",
      "lp" : 6,
      "points" : 5
    } ],
    "Jadalna jasna bulwa?" : [ null, {
      "ans" : "Rzepa",
      "lp" : 1,
      "points" : 36
    }, {
      "ans" : "Ziemniak",
      "lp" : 2,
      "points" : 29
    }, {
      "ans" : "Seler",
      "lp" : 3,
      "points" : 25
    } ],
    "Jakie moce mają superbohaterowie?" : [ null, {
      "ans" : "Latanie",
      "lp" : 1,
      "points" : 23
    }, {
      "ans" : "Niewidzialnosc",
      "lp" : 2,
      "points" : 18
    }, {
      "ans" : "Sila",
      "lp" : 3,
      "points" : 17
    }, {
      "ans" : "Teleportacja",
      "lp" : 4,
      "points" : 13
    }, {
      "ans" : "Czytanie w myslach",
      "lp" : 5,
      "points" : 12
    }, {
      "ans" : "Szybkosc",
      "lp" : 6,
      "points" : 10
    } ],
    "Kogo i czego potrzebowalibyscie do nakrecenia filmu?" : [ null, {
      "ans" : "Aktorow",
      "lp" : 1,
      "points" : 27
    }, {
      "ans" : "Rezysera",
      "lp" : 2,
      "points" : 20
    }, {
      "ans" : "Scenariusza",
      "lp" : 3,
      "points" : 15
    }, {
      "ans" : "Kamery",
      "lp" : 4,
      "points" : 13
    }, {
      "ans" : "Pieniedzy",
      "lp" : 5,
      "points" : 11
    }, {
      "ans" : "Kateringu",
      "lp" : 6,
      "points" : 9
    } ],
    "Którego urządzenia elektrycznego używamy rano?" : [ null, {
      "ans" : "Ekspres",
      "lp" : 1,
      "points" : 26
    }, {
      "ans" : "Toster",
      "lp" : 2,
      "points" : 23
    }, {
      "ans" : "Radio",
      "lp" : 3,
      "points" : 19
    }, {
      "ans" : "Maszynka do golenia",
      "lp" : 4,
      "points" : 18
    }, {
      "ans" : "Lodowka",
      "lp" : 5,
      "points" : 7
    }, {
      "ans" : "Szczoteczka elektryczna",
      "lp" : 6,
      "points" : 6
    } ],
    "Ozdoba meskiej szyi?" : [ null, {
      "ans" : "Krawat",
      "lp" : 1,
      "points" : 36
    }, {
      "ans" : "Muszka",
      "lp" : 2,
      "points" : 27
    }, {
      "ans" : "Szalik",
      "lp" : 3,
      "points" : 15
    }, {
      "ans" : "Apaszka",
      "lp" : 4,
      "points" : 10
    }, {
      "ans" : "Lancuszek",
      "lp" : 5,
      "points" : 6
    } ],
    "Po co w coś dmuchamy?" : [ null, {
      "ans" : "Zgasic",
      "lp" : 1,
      "points" : 46
    }, {
      "ans" : "Ostudzic",
      "lp" : 2,
      "points" : 30
    }, {
      "ans" : "Napompowac",
      "lp" : 3,
      "points" : 23
    } ],
    "Popularny nadmorski kurort?" : [ null, {
      "ans" : "Ustka",
      "lp" : 1,
      "points" : 28
    }, {
      "ans" : "Wladyslawowow",
      "lp" : 2,
      "points" : 20
    }, {
      "ans" : "Hel",
      "lp" : 3,
      "points" : 17
    }, {
      "ans" : "Chalupy",
      "lp" : 4,
      "points" : 17
    }, {
      "ans" : "Kolobrzeg",
      "lp" : 5,
      "points" : 9
    }, {
      "ans" : "Sopot",
      "lp" : 6,
      "points" : 6
    } ],
    "Potocznie ukrasc?" : [ null, {
      "ans" : "Gwizdnac",
      "lp" : 1,
      "points" : 29
    }, {
      "ans" : "Buchnac",
      "lp" : 2,
      "points" : 26
    }, {
      "ans" : "Zwedzic",
      "lp" : 3,
      "points" : 19
    }, {
      "ans" : "Zakosic",
      "lp" : 4,
      "points" : 13
    }, {
      "ans" : "Podprowadzic",
      "lp" : 5,
      "points" : 6
    } ],
    "Udawanie inaczje?" : [ null, {
      "ans" : "Symulowanie",
      "lp" : 1,
      "points" : 29
    }, {
      "ans" : "Granie",
      "lp" : 2,
      "points" : 26
    }, {
      "ans" : "Pozorowanie",
      "lp" : 3,
      "points" : 22
    }, {
      "ans" : "Markowanie",
      "lp" : 4,
      "points" : 10
    }, {
      "ans" : "Parodiowanie",
      "lp" : 5,
      "points" : 8
    } ],
    "Wymień najczęściej pieczone w Polsce ciasta?" : [ null, {
      "ans" : "Szarlotka",
      "lp" : 1,
      "points" : 24
    }, {
      "ans" : "Sernik",
      "lp" : 2,
      "points" : 22
    }, {
      "ans" : "Drozdzowiec",
      "lp" : 3,
      "points" : 21
    }, {
      "ans" : "Makowiec",
      "lp" : 4,
      "points" : 15
    }, {
      "ans" : "Murzynek",
      "lp" : 5,
      "points" : 8
    }, {
      "ans" : 7,
      "lp" : 6
    } ],
    "Wymień rodzaje samolotów?" : [ null, {
      "ans" : "Pasazerski",
      "lp" : 1,
      "points" : 25
    }, {
      "ans" : "Sportowy",
      "lp" : 2,
      "points" : 24
    }, {
      "ans" : "Mysliwski",
      "lp" : 3,
      "points" : 22
    }, {
      "ans" : "Bombowy",
      "lp" : 4,
      "points" : 16
    }, {
      "ans" : "Transportowy",
      "lp" : 5,
      "points" : 6
    } ],
    "Wymień włoskie danie?" : [ null, {
      "ans" : "Pomodoro",
      "lp" : 1,
      "points" : 25
    }, {
      "ans" : "Arancini",
      "lp" : 2,
      "points" : 19
    }, {
      "ans" : "Tiramisu",
      "lp" : 3,
      "points" : 17
    }, {
      "ans" : "Ricotta",
      "lp" : 4,
      "points" : 10
    }, {
      "ans" : "Gnocchi",
      "lp" : 5,
      "points" : 6
    } ],
    "Wyraz który nie ma liczby pojedynczej?" : [ null, {
      "ans" : "Drzwi",
      "lp" : 1,
      "points" : 22
    }, {
      "ans" : "Spodnie",
      "lp" : 2,
      "points" : 20
    }, {
      "ans" : "Nozyce",
      "lp" : 3,
      "points" : 16
    }, {
      "ans" : "Skrzypce",
      "lp" : 4,
      "points" : 14
    }, {
      "ans" : "Sanki",
      "lp" : 5,
      "points" : 10
    }, {
      "ans" : "Urodziny",
      "lp" : 6,
      "points" : 8
    } ]
  }
}
